category,session_number,title,url,matched_keywords,keyword_hit
Atmospheric and Space Electricity,280576,"Advancements in Lightning Meteorology, Climatology, and Remote Sensing",https://studio.m-anage.com/agu/agu26/webprogrampreliminary/Session280576.html,"['Huntsville', 'NASA']",True
Atmospheric and Space Electricity,280118,Energetic Radiation from Lightning and Thunderstorms,https://studio.m-anage.com/agu/agu26/webprogrampreliminary/Session280118.html,['Huntsville'],True
Atmospheric Sciences,282333,"AERONET and Sun Photometry: Retrievals, Calibration, and Applications",https://studio.m-anage.com/agu/agu26/webprogrampreliminary/Session282333.html,['NASA'],True
Atmospheric Sciences,279311,AI and High Resolution Weather Forecasting,https://studio.m-anage.com/agu/agu26/webprogrampreliminary/Session279311.html,['AI'],True
Atmospheric Sciences,279530,AI and Machine Learning for Improved Subseasonal-to-Seasonal-to-Decadal (S2S2D) Forecasts,https://studio.m-anage.com/agu/agu26/webprogrampreliminary/Session279530.html,['AI'],True
Atmospheric Sciences,281027,AI-Driven Climate Intelligence: From Variability and Extremes to Cross-Sector Impacts on Health and Beyond,https://studio.m-anage.com/agu/agu26/webprogrampreliminary/Session281027.html,['AI'],True
Atmospheric Sciences,282526,AI-Driven Innovations in Earth and Atmospheric Sciences,https://studio.m-anage.com/agu/agu26/webprogrampreliminary/Session282526.html,['AI'],True
Atmospheric Sciences,279906,Advanced AI/ML for high-impact weather prediction and observation,https://studio.m-anage.com/agu/agu26/webprogrampreliminary/Session279906.html,['AI'],True
Atmospheric Sciences,281536,Advances in Atmospheric Chemistry Driven by Laboratory Studies,https://studio.m-anage.com/agu/agu26/webprogrampreliminary/Session281536.html,['NASA'],True
Atmospheric Sciences,280281,Advances in Data Assimilation: From Physics-Based Methods to AI-Driven Approaches,https://studio.m-anage.com/agu/agu26/webprogrampreliminary/Session280281.html,"['AI', 'NASA']",True
Atmospheric Sciences,281563,"Advances in Global Aerosol Modeling: Representation, Assimilation, and Prediction",https://studio.m-anage.com/agu/agu26/webprogrampreliminary/Session281563.html,['NASA'],True
Atmospheric Sciences,282680,Advances in the Integrated Global Observing System for Air Quality: Science and Societal Benefit,https://studio.m-anage.com/agu/agu26/webprogrampreliminary/Session282680.html,['NASA'],True
Atmospheric Sciences,281665,Advances of Remote Sensing Inversion,https://studio.m-anage.com/agu/agu26/webprogrampreliminary/Session281665.html,['NASA'],True
Atmospheric Sciences,279744,"Advancing Extreme Weather Prediction using AI/ML, NWP and hybrid Physics-AI Approaches",https://studio.m-anage.com/agu/agu26/webprogrampreliminary/Session279744.html,['AI'],True
Atmospheric Sciences,279580,Bridging the Gap: Integrating Multi-Platform Observations of Trace Gases in Earth’s Atmosphere,https://studio.m-anage.com/agu/agu26/webprogrampreliminary/Session279580.html,['NASA'],True
Atmospheric Sciences,281330,Climate Sensitivity and Feedbacks: Advances and New Paradigms,https://studio.m-anage.com/agu/agu26/webprogrampreliminary/Session281330.html,['NASA'],True
Atmospheric Sciences,282670,"Connecting Models, Observations, and Ecosystem Impacts in Montane Cloud Forests",https://studio.m-anage.com/agu/agu26/webprogrampreliminary/Session282670.html,['Huntsville'],True
Atmospheric Sciences,279761,Constraining Greenhouse Gas Exchange Processes Using Remote Sensing and In Situ Observations,https://studio.m-anage.com/agu/agu26/webprogrampreliminary/Session279761.html,['NASA'],True
Atmospheric Sciences,280565,Dust in a Changing Climate: From Small‐Scale Insights to Large‐Scale Understanding,https://studio.m-anage.com/agu/agu26/webprogrampreliminary/Session280565.html,['NASA'],True
Atmospheric Sciences,279806,From S2S Prediction to Anticipatory Action: AI Methods and User-Centric Climate Informatics,https://studio.m-anage.com/agu/agu26/webprogrampreliminary/Session279806.html,['AI'],True
Atmospheric Sciences,282061,Global Planetary Boundary Layer Observatory,https://studio.m-anage.com/agu/agu26/webprogrampreliminary/Session282061.html,['NASA'],True
Atmospheric Sciences,281640,Hemispheric Asymmetry and Vertical Discrepancies in Stratospheric Ozone Recovery : Bridging the Gap,https://studio.m-anage.com/agu/agu26/webprogrampreliminary/Session281640.html,['NASA'],True
Atmospheric Sciences,279301,"Modeling, Data Assimilation, and Artificial Intelligence (AI) for Better Analyses and Forecasts of High-impact Weather Events",https://studio.m-anage.com/agu/agu26/webprogrampreliminary/Session279301.html,['AI'],True
Atmospheric Sciences,282003,"Models, In situ, and Remote sensing of Aerosols (MIRA)",https://studio.m-anage.com/agu/agu26/webprogrampreliminary/Session282003.html,['NASA'],True
Atmospheric Sciences,279611,Observation and model studies of cloud properties and associated processes,https://studio.m-anage.com/agu/agu26/webprogrampreliminary/Session279611.html,['NASA'],True
Atmospheric Sciences,282234,Optical Remote Sensing of the Environment: From Single Scattering to Radiative Transfer and Retrievals,https://studio.m-anage.com/agu/agu26/webprogrampreliminary/Session282234.html,['NASA'],True
Atmospheric Sciences,281045,Remote Sensing of CH 4 and CO 2 from Space: The Expanding Observing System,https://studio.m-anage.com/agu/agu26/webprogrampreliminary/Session281045.html,['NASA'],True
Atmospheric Sciences,280605,Remote Sensing: General Contributions,https://studio.m-anage.com/agu/agu26/webprogrampreliminary/Session280605.html,['NASA'],True
Atmospheric Sciences,282241,Sources of Predictability and Error in Subseasonal-to-Seasonal (S2S) Prediction,https://studio.m-anage.com/agu/agu26/webprogrampreliminary/Session282241.html,['NASA'],True
Atmospheric Sciences,281169,"Spaceborne constellation science for atmospheric clouds, convection, precipitation, aerosol and chemical species",https://studio.m-anage.com/agu/agu26/webprogrampreliminary/Session281169.html,['NASA'],True
Atmospheric Sciences,282538,"Subseasonal to Seasonal Tropical Variability: Observations, Modeling, Processes, and Global Impacts",https://studio.m-anage.com/agu/agu26/webprogrampreliminary/Session282538.html,['NASA'],True
Atmospheric Sciences,281723,The Spectral Dimension of Shortwave and Longwave Radiation in the Earth System,https://studio.m-anage.com/agu/agu26/webprogrampreliminary/Session281723.html,['NASA'],True
Atmospheric Sciences,280980,Transboundary Pollution and Resource Management: From Science to Action,https://studio.m-anage.com/agu/agu26/webprogrampreliminary/Session280980.html,['NASA'],True
Atmospheric Sciences,280962,"Upper Troposphere, Stratosphere and Mesosphere: Chemistry, Dynamics, Transport, and Radiation.",https://studio.m-anage.com/agu/agu26/webprogrampreliminary/Session280962.html,['NASA'],True
Biogeosciences,280893,AI and Digital Tools for Resilient and Sustainable Agriculture,https://studio.m-anage.com/agu/agu26/webprogrampreliminary/Session280893.html,['AI'],True
Biogeosciences,280585,Advances in remote sensing capabilities leading to a better understanding of ecosystem and natural resource management,https://studio.m-anage.com/agu/agu26/webprogrampreliminary/Session280585.html,['NASA'],True
Biogeosciences,282964,"Advancing Climate-Resilient Agriculture through AI, Earth Observation, and Digital Twins",https://studio.m-anage.com/agu/agu26/webprogrampreliminary/Session282964.html,"['AI', 'NASA']",True
Biogeosciences,282879,Advancing biogeochemical cycle modeling with artificial intelligence (AI): Bridging data-driven methods and process-based approaches,https://studio.m-anage.com/agu/agu26/webprogrampreliminary/Session282879.html,['AI'],True
Biogeosciences,280131,Advancing understanding of Warming-Induced Emissions and Climate Feedbacks: From process insights to model and policy integration,https://studio.m-anage.com/agu/agu26/webprogrampreliminary/Session280131.html,['NASA'],True
Biogeosciences,282313,Carbon Monitoring Systems Research and Applications,https://studio.m-anage.com/agu/agu26/webprogrampreliminary/Session282313.html,['NASA'],True
Biogeosciences,280704,"Farm‑Scale Integrated Assessment for Regenerative Agriculture: Monitoring, Modeling, and AI/ML Innovations",https://studio.m-anage.com/agu/agu26/webprogrampreliminary/Session280704.html,['AI'],True
Biogeosciences,283032,From Field to Space: Integrating Observations Across Scales for Terrestrial and Aquatic Ecosystem Monitoring,https://studio.m-anage.com/agu/agu26/webprogrampreliminary/Session283032.html,['NASA'],True
Biogeosciences,280462,Frontiers in AI for Ecosystem Studies and Global Change Science,https://studio.m-anage.com/agu/agu26/webprogrampreliminary/Session280462.html,['AI'],True
Biogeosciences,280542,"Generative AI in Hydrology and Interdisciplinary Environmental Research: Applications, Opportunities, and Challenges",https://studio.m-anage.com/agu/agu26/webprogrampreliminary/Session280542.html,['Generative AI'],True
Biogeosciences,280410,"Human Footprints on Landscapes: Observations, Models, and Data Integration",https://studio.m-anage.com/agu/agu26/webprogrampreliminary/Session280410.html,['NASA'],True
Biogeosciences,282404,Integrating Earth Observations for Operational Natural Resource Stewardship and Land Management,https://studio.m-anage.com/agu/agu26/webprogrampreliminary/Session282404.html,['NASA'],True
Biogeosciences,283101,NISAR for Ecosystems:  A new frontier and early results,https://studio.m-anage.com/agu/agu26/webprogrampreliminary/Session283101.html,['NASA'],True
Biogeosciences,280316,"Remote Sensing of Terrestrial Ecosystems: Monitoring, Understanding, and Management Across Scales",https://studio.m-anage.com/agu/agu26/webprogrampreliminary/Session280316.html,['NASA'],True
Biogeosciences,281628,"Science and Applications Enabled by Remote Sensing Data Fusion, Time Series Analysis, and AI",https://studio.m-anage.com/agu/agu26/webprogrampreliminary/Session281628.html,['AI'],True
Biogeosciences,282167,"Surface-Atmosphere Interactions: Scaling Fluxes through the Integration of Physics, Remote Sensing, and AI",https://studio.m-anage.com/agu/agu26/webprogrampreliminary/Session282167.html,['AI'],True
Biogeosciences,281480,"Synergizing LiDAR and AI to Unveil Forest Structure, Function, and Ecosystem Services Across Scales",https://studio.m-anage.com/agu/agu26/webprogrampreliminary/Session281480.html,['AI'],True
Biogeosciences,281403,Targeting Fire Emissions for Future Implications,https://studio.m-anage.com/agu/agu26/webprogrampreliminary/Session281403.html,['NASA'],True
Biogeosciences,280716,The Resilience and Vulnerability of Arctic and Boreal Ecosystems to Change,https://studio.m-anage.com/agu/agu26/webprogrampreliminary/Session280716.html,['NASA'],True
Biogeosciences,279870,"The Role of Fire in the Earth System: Understanding Drivers, Feedbacks, and Interactions with the Land, Atmosphere, and Society",https://studio.m-anage.com/agu/agu26/webprogrampreliminary/Session279870.html,['NASA'],True
Cryosphere,281217,Advances in Radar Remote Sensing of the Cryosphere,https://studio.m-anage.com/agu/agu26/webprogrampreliminary/Session281217.html,['NASA'],True
Cryosphere,281772,Coupled-system Processes of the Arctic Atmosphere-Sea Ice-Ocean System: Harnessing Field Observations and Advancing Models,https://studio.m-anage.com/agu/agu26/webprogrampreliminary/Session281772.html,['NASA'],True
Cryosphere,281297,Decoding the surface elevation change signal of glaciers and ice sheets,https://studio.m-anage.com/agu/agu26/webprogrampreliminary/Session281297.html,['NASA'],True
Cryosphere,280845,"NISAR and the Cryosphere: Advancing Observations of Ice Sheets, Sea Ice, Permafrost, and Seasonal Snow",https://studio.m-anage.com/agu/agu26/webprogrampreliminary/Session280845.html,['NASA'],True
Cryosphere,281463,Physics-Informed AI in Snow Science,https://studio.m-anage.com/agu/agu26/webprogrampreliminary/Session281463.html,['AI'],True
Cryosphere,281664,Remote Sensing of the Cryosphere: Sea Ice,https://studio.m-anage.com/agu/agu26/webprogrampreliminary/Session281664.html,['NASA'],True
Cryosphere,279910,"Snow Albedo Dynamics: Drivers, Observations, and Modeling Across Diverse Snow Environments",https://studio.m-anage.com/agu/agu26/webprogrampreliminary/Session279910.html,['NASA'],True
Earth and Planetary Surface Processes,282484,AI enabled detection and warning of landslide hazard and community risk,https://studio.m-anage.com/agu/agu26/webprogrampreliminary/Session282484.html,['AI'],True
Earth and Planetary Surface Processes,283051,"AI-Driven Solutions for Sustainable Sediment Transport: Bridging Science, Engineering, and Innovation",https://studio.m-anage.com/agu/agu26/webprogrampreliminary/Session283051.html,['AI'],True
Earth and Planetary Surface Processes,282845,"Beyond the Map: Integrating Agentic AI, Immersive Visualization, and Cloud-Native Workflows to Democratize Earth Science Data",https://studio.m-anage.com/agu/agu26/webprogrampreliminary/Session282845.html,['AI'],True
Earth and Planetary Surface Processes,281580,"River Deltas: Observing, Modeling, and Predicting Natural and Anthropogenic Changes",https://studio.m-anage.com/agu/agu26/webprogrampreliminary/Session281580.html,['NASA'],True
Earth and Planetary Surface Processes,282384,"Tracking Geomorphic Change and Human Impacts in Freshwater Systems through Remote Sensing, Data Fusion, and AI",https://studio.m-anage.com/agu/agu26/webprogrampreliminary/Session282384.html,['AI'],True
Education,281589,Advances and Progress in Fostering a Supportive Scientific Community for All,https://studio.m-anage.com/agu/agu26/webprogrampreliminary/Session281589.html,['NASA'],True
Education,280719,Blending Science with Arts to Spark Curiosity for Learning,https://studio.m-anage.com/agu/agu26/webprogrampreliminary/Session280719.html,['NASA'],True
Education,279424,Frontiers of Geospatial Artificial Intelligence and Capacity Building: Translating Research to Action,https://studio.m-anage.com/agu/agu26/webprogrampreliminary/Session279424.html,['Huntsville'],True
Education,280542,"Generative AI in Hydrology and Interdisciplinary Environmental Research: Applications, Opportunities, and Challenges",https://studio.m-anage.com/agu/agu26/webprogrampreliminary/Session280542.html,['Generative AI'],True
Education,281992,Geoscience as Pathway to Careers in Sustainable Infrastructure : Jobs for the Future Working with AI,https://studio.m-anage.com/agu/agu26/webprogrampreliminary/Session281992.html,['AI'],True
Geodesy,282873,"Advances in Geodetic Mapping of Earth: Insights from NASA’s Satellite Laser Altimetry Missions (ICESat, ICESat-2, and GEDI) and the Path to EDGE",https://studio.m-anage.com/agu/agu26/webprogrampreliminary/Session282873.html,['NASA'],True
Geodesy,282100,Grand Challenges for Geodetic Science and Engineering in 21st-Century Society,https://studio.m-anage.com/agu/agu26/webprogrampreliminary/Session282100.html,['NASA'],True
Geodesy,279384,"Plate Motion, Continental Deformation, and Interseismic Strain Accumulation",https://studio.m-anage.com/agu/agu26/webprogrampreliminary/Session279384.html,['NASA'],True
Geodesy,279738,"Reference Frames: Determination, Usage, and Application",https://studio.m-anage.com/agu/agu26/webprogrampreliminary/Session279738.html,['NASA'],True
Geodesy,280359,Satellite Gravimetry for Terrestrial Hydrology: New Applications and Emerging Science,https://studio.m-anage.com/agu/agu26/webprogrampreliminary/Session280359.html,['NASA'],True
Geodesy,279986,"Satellite Gravimetry: Mission Concepts, Algorithms, and New Applications",https://studio.m-anage.com/agu/agu26/webprogrampreliminary/Session279986.html,['NASA'],True
Geodesy,280416,The International GNSS Service (IGS): Leveraging Next-Generation GNSS Data Processing and Analysis Techniques to Secure the Future of Geodesy,https://studio.m-anage.com/agu/agu26/webprogrampreliminary/Session280416.html,['NASA'],True
Geodesy,282704,The NASA-ISRO SAR (NISAR) Mission – Early Results in geodesy,https://studio.m-anage.com/agu/agu26/webprogrampreliminary/Session282704.html,['NASA'],True
GeoHealth,282147,AI-Enabled Systems for Public Assistance and Healthcare Access during Natural Hazard Events,https://studio.m-anage.com/agu/agu26/webprogrampreliminary/Session282147.html,['AI'],True
GeoHealth,280078,"Advancing cross-cutting health, air quality, and Earth science applications",https://studio.m-anage.com/agu/agu26/webprogrampreliminary/Session280078.html,"['Huntsville', 'NASA']",True
GeoHealth,281624,Application of AI tools Using Earth Observations (EO) for Health Risk Monitoring/Assessment and Early Warning.,https://studio.m-anage.com/agu/agu26/webprogrampreliminary/Session281624.html,"['AI', 'NASA']",True
GeoHealth,282509,Planetary Health and Planetary Boundaries: Earth System Dynamics and Human Well-being,https://studio.m-anage.com/agu/agu26/webprogrampreliminary/Session282509.html,['NASA'],True
Global Environmental Change,280062,AI for Methane: Physics‑Informed and Data‑Driven Approaches to Emissions Modelling across Natural and Anthropogenic Systems,https://studio.m-anage.com/agu/agu26/webprogrampreliminary/Session280062.html,['AI'],True
Global Environmental Change,280253,AI-Ensemble Modeling of Weather Extremes on Agricultural Production Systems,https://studio.m-anage.com/agu/agu26/webprogrampreliminary/Session280253.html,['AI'],True
Global Environmental Change,281742,"Advances in Understanding and Sub-Seasonal to Decadal (S2D) Predictability of High-Latitude Earth System (HLES) Changes and Impacts: Observations, Dynamical Modeling, and AI",https://studio.m-anage.com/agu/agu26/webprogrampreliminary/Session281742.html,['AI'],True
Global Environmental Change,280214,"Advances in near real-time monitoring of land changes using remote sensing: methods, applications, and challenges",https://studio.m-anage.com/agu/agu26/webprogrampreliminary/Session280214.html,"['Huntsville', 'NASA']",True
Global Environmental Change,282656,Advancing Understanding of Irrigation Practices and Impacts in the AI and Cloud Computing Era,https://studio.m-anage.com/agu/agu26/webprogrampreliminary/Session282656.html,['AI'],True
Global Environmental Change,281079,Advancing hazard and disaster science with AI/ML and emerging Earth observation missions,https://studio.m-anage.com/agu/agu26/webprogrampreliminary/Session281079.html,"['AI', 'Huntsville']",True
Global Environmental Change,281238,"Carbon Intensity, Traceability, and AI in Energy Supply Chains",https://studio.m-anage.com/agu/agu26/webprogrampreliminary/Session281238.html,['AI'],True
Global Environmental Change,281002,"Coastal Ecosystems Under Change: Monitoring, Modeling, and Management",https://studio.m-anage.com/agu/agu26/webprogrampreliminary/Session281002.html,['NASA'],True
Global Environmental Change,280968,"Deep Learning, Agentic AI, and Emerging Methods to Advance Climate Science",https://studio.m-anage.com/agu/agu26/webprogrampreliminary/Session280968.html,['AI'],True
Global Environmental Change,279897,Dynamics and Impacts of Hydrologic Intensification,https://studio.m-anage.com/agu/agu26/webprogrampreliminary/Session279897.html,['NASA'],True
Global Environmental Change,281800,Evolving Science and Applications of Landsat,https://studio.m-anage.com/agu/agu26/webprogrampreliminary/Session281800.html,['NASA'],True
Global Environmental Change,282872,From Data to Societal Impacts with NISAR Applications: What is Known and What is Possible?,https://studio.m-anage.com/agu/agu26/webprogrampreliminary/Session282872.html,['NASA'],True
Global Environmental Change,282002,"From Fields to Watersheds: AI-driven Forecasting and Prediction across Agriculture, Water Resources, and Ecosystems",https://studio.m-anage.com/agu/agu26/webprogrampreliminary/Session282002.html,['AI'],True
Global Environmental Change,282381,From Treatment to Impact: Quantifying Land Management Effectiveness for Risk Reduction and Resilient Landscapes,https://studio.m-anage.com/agu/agu26/webprogrampreliminary/Session282381.html,['NASA'],True
Global Environmental Change,280542,"Generative AI in Hydrology and Interdisciplinary Environmental Research: Applications, Opportunities, and Challenges",https://studio.m-anage.com/agu/agu26/webprogrampreliminary/Session280542.html,['Generative AI'],True
Global Environmental Change,280852,GeoAI and Integrative AI Modeling for Earth System Informatics and Infrastructure Resilience,https://studio.m-anage.com/agu/agu26/webprogrampreliminary/Session280852.html,['AI'],True
Global Environmental Change,282061,Global Planetary Boundary Layer Observatory,https://studio.m-anage.com/agu/agu26/webprogrampreliminary/Session282061.html,['NASA'],True
Global Environmental Change,282300,"Implications of climate change for global agriculture – impacts, adaptation, mitigation",https://studio.m-anage.com/agu/agu26/webprogrampreliminary/Session282300.html,['NASA'],True
Global Environmental Change,283118,"Intelligent Agriculture: Integrating Remote Sensing, AI, and Machine Learning for Sustainable Food Systems",https://studio.m-anage.com/agu/agu26/webprogrampreliminary/Session283118.html,['AI'],True
Global Environmental Change,281593,Low Earth Orbit (LEO) Satellite Missions and Their Contribution to Earth Science Applications,https://studio.m-anage.com/agu/agu26/webprogrampreliminary/Session281593.html,['NASA'],True
Global Environmental Change,280789,Map Quality Assessment and Statistical Inference from Remote Sensing-based Products,https://studio.m-anage.com/agu/agu26/webprogrampreliminary/Session280789.html,"['Huntsville', 'NASA']",True
Global Environmental Change,281037,Multi-Sector Dynamics: Using AI to Model and Manage Complex Adaptive Human-Earth Systems,https://studio.m-anage.com/agu/agu26/webprogrampreliminary/Session281037.html,['AI'],True
Global Environmental Change,282901,"Multisector Dynamics: Energy-Water-Land Systems and the Role of Digital Technology, Computing, and AI Data Centers",https://studio.m-anage.com/agu/agu26/webprogrampreliminary/Session282901.html,['AI'],True
Global Environmental Change,282444,New Paths in Integrated Earth System Modeling,https://studio.m-anage.com/agu/agu26/webprogrampreliminary/Session282444.html,['NASA'],True
Global Environmental Change,280779,Perturbed Parameter Ensembles (PPEs) for Understanding Processes and Quantifying Uncertainty in Model Predictions,https://studio.m-anage.com/agu/agu26/webprogrampreliminary/Session280779.html,['NASA'],True
Global Environmental Change,282834,Pioneering Integrated Earth System Modeling and Reanalysis through Advanced Observation Infusion across Scales,https://studio.m-anage.com/agu/agu26/webprogrampreliminary/Session282834.html,['NASA'],True
Global Environmental Change,282427,Progress Towards Understanding the Growing Earth's Energy Imbalance (EEI),https://studio.m-anage.com/agu/agu26/webprogrampreliminary/Session282427.html,['NASA'],True
Global Environmental Change,281924,Science-Guided Solutions: Insights from the UCCRN Assessment on Climate Change and Cities,https://studio.m-anage.com/agu/agu26/webprogrampreliminary/Session281924.html,['NASA'],True
Global Environmental Change,282199,"Sensitivity and Uncertainty Characterization in Multi-Scale Modeling of Drought-to-Flood Transitions: Integrating 1D–2D Hydrodynamic, AI/ML, and Index-Based Modeling Frameworks",https://studio.m-anage.com/agu/agu26/webprogrampreliminary/Session282199.html,['AI'],True
Global Environmental Change,280458,"The global water cycle: coupling and exchanges of mass and energy between the ocean, land, cryosphere, and atmosphere",https://studio.m-anage.com/agu/agu26/webprogrampreliminary/Session280458.html,['NASA'],True
Global Environmental Change,280297,Vegetation dynamics and land–atmosphere interactions,https://studio.m-anage.com/agu/agu26/webprogrampreliminary/Session280297.html,['NASA'],True
Global Environmental Change,280814,What we know and we do not know about the stability of the Atlantic Meridional Overturning Circulation?,https://studio.m-anage.com/agu/agu26/webprogrampreliminary/Session280814.html,['NASA'],True
Hydrology,282963,A Decade of Spaceborne GNSS-R: Scientific Legacy of CYGNSS and the Emerging Multi-Mission Future,https://studio.m-anage.com/agu/agu26/webprogrampreliminary/Session282963.html,['NASA'],True
Hydrology,279989,AI Advances in Subsurface Hydrology and Energy,https://studio.m-anage.com/agu/agu26/webprogrampreliminary/Session279989.html,['AI'],True
Hydrology,282107,"AI-Driven Ecohydrology: Monitoring, Modeling, and Mitigating Seawater Intrusion, Compound Flooding, and Saline Soils in Coastal Wetlands",https://studio.m-anage.com/agu/agu26/webprogrampreliminary/Session282107.html,['AI'],True
Hydrology,280083,"AI-Driven Hydrologic Modeling and Prediction: Methods, Applications, and Emerging Frontiers",https://studio.m-anage.com/agu/agu26/webprogrampreliminary/Session280083.html,['AI'],True
Hydrology,279718,"AI-Enabled Physical Modeling of Reservoirs, Watersheds, and Water Systems to Navigate Hydrological Shifts and Climate Extremes",https://studio.m-anage.com/agu/agu26/webprogrampreliminary/Session279718.html,['AI'],True
Hydrology,281406,"Advances in AI‑Enabled Local-Scale Observations of Hydrologic, Geomorphic, and Biogeochemical Processes",https://studio.m-anage.com/agu/agu26/webprogrampreliminary/Session281406.html,['AI'],True
Hydrology,282082,"Advances in Physics-Based and AI Modeling, and Integrated Observations for Compound Hydrometeorological Extremes and Resilience",https://studio.m-anage.com/agu/agu26/webprogrampreliminary/Session282082.html,['AI'],True
Hydrology,282185,Advances in Statistical and Machine Learning Approaches for Hydrological Time Series Analysis,https://studio.m-anage.com/agu/agu26/webprogrampreliminary/Session282185.html,['AI'],True
Hydrology,283067,"Advancing Water Quality Through Artificial Intelligence: Lessons, Strategies, and New Frontiers",https://studio.m-anage.com/agu/agu26/webprogrampreliminary/Session283067.html,['AI'],True
Hydrology,282136,Advancing Water Systems Analysis: From Operations Research to AI (Building on Jay Lund’s Contributions),https://studio.m-anage.com/agu/agu26/webprogrampreliminary/Session282136.html,['AI'],True
Hydrology,280423,Advancing Wildfire Hydrology with Data and Modeling Innovations,https://studio.m-anage.com/agu/agu26/webprogrampreliminary/Session280423.html,['NASA'],True
Hydrology,281904,Applications in Snow Hydrology,https://studio.m-anage.com/agu/agu26/webprogrampreliminary/Session281904.html,['NASA'],True
Hydrology,280021,"Earth System Science, Water Resources, and Natural Hazards Applications Based on Global L-Band Radiometry with the NASA Soil Moisture Active Passive (SMAP) Satellite Mission",https://studio.m-anage.com/agu/agu26/webprogrampreliminary/Session280021.html,['NASA'],True
Hydrology,282722,From Data To Decisions In Agriculture: Improving Irrigation And Crop Yields Using Remote Sensing And AI,https://studio.m-anage.com/agu/agu26/webprogrampreliminary/Session282722.html,['AI'],True
Hydrology,282252,From Satellites to Solutions: Advancing Water Management with Applied Earth Observations,https://studio.m-anage.com/agu/agu26/webprogrampreliminary/Session282252.html,['NASA'],True
Hydrology,283028,From Surface Water to Groundwater: Tracking Hydrologic Dynamics with NISAR and SAR,https://studio.m-anage.com/agu/agu26/webprogrampreliminary/Session283028.html,['NASA'],True
Hydrology,280542,"Generative AI in Hydrology and Interdisciplinary Environmental Research: Applications, Opportunities, and Challenges",https://studio.m-anage.com/agu/agu26/webprogrampreliminary/Session280542.html,['Generative AI'],True
Hydrology,280895,Geospatial Foundation Model and Remote Sensing for Hydrologic Prediction Across the Terrestrial Water Cycle,https://studio.m-anage.com/agu/agu26/webprogrampreliminary/Session280895.html,['NASA'],True
Hydrology,281683,Global River Modeling in the Anthropocene: Advancing Model Intercomparison and Remote Sensing Data Integration for Societal Benefits,https://studio.m-anage.com/agu/agu26/webprogrampreliminary/Session281683.html,['NASA'],True
Hydrology,281211,Interagency Session on Leveraging Remote Sensing Data for Integrated Management of Water Resources and Water Risks in the American West,https://studio.m-anage.com/agu/agu26/webprogrampreliminary/Session281211.html,['NASA'],True
Hydrology,279746,"Machine Learning for Snow: Model Development, Applications, and Lessons Learned",https://studio.m-anage.com/agu/agu26/webprogrampreliminary/Session279746.html,['NASA'],True
Hydrology,281703,NISAR Soil Moisture - Findings from the First Year,https://studio.m-anage.com/agu/agu26/webprogrampreliminary/Session281703.html,['NASA'],True
Hydrology,281691,Physics-Informed Machine Learning and Generative AI for Hydrological Extremes,https://studio.m-anage.com/agu/agu26/webprogrampreliminary/Session281691.html,['Generative AI'],True
Hydrology,280626,Recent Advances in Remote Sensing and Modeling of Flood Inundation,https://studio.m-anage.com/agu/agu26/webprogrampreliminary/Session280626.html,['Huntsville'],True
Hydrology,282199,"Sensitivity and Uncertainty Characterization in Multi-Scale Modeling of Drought-to-Flood Transitions: Integrating 1D–2D Hydrodynamic, AI/ML, and Index-Based Modeling Frameworks",https://studio.m-anage.com/agu/agu26/webprogrampreliminary/Session282199.html,['AI'],True
Hydrology,279521,"Showcasing your Hydrometeorological Data Products, Tools, and Services",https://studio.m-anage.com/agu/agu26/webprogrampreliminary/Session279521.html,['NASA'],True
Hydrology,282532,Space-Based Precipitation Observations: Innovations for Science and Applications,https://studio.m-anage.com/agu/agu26/webprogrampreliminary/Session282532.html,['NASA'],True
Hydrology,280926,Understanding and Quantifying the Human Impacts on Water Cycle,https://studio.m-anage.com/agu/agu26/webprogrampreliminary/Session280926.html,['NASA'],True
Hydrology,282936,"Water Use, Earth System Modeling, and Decision Making: Converging Knowledge for Insights on Water Systems Resilience Across Scales",https://studio.m-anage.com/agu/agu26/webprogrampreliminary/Session282936.html,['NASA'],True
Hydrology,280361,"Where Flood Connects Us: Physical Models, Social Dimensions, and AI Innovations",https://studio.m-anage.com/agu/agu26/webprogrampreliminary/Session280361.html,['AI'],True
Informatics,282751,"AI Foundation Models for Earth, Space, and Planetary Sciences",https://studio.m-anage.com/agu/agu26/webprogrampreliminary/Session282751.html,"['AI', 'Huntsville', 'NASA']",True
Informatics,280765,AI-Ready Data in Biogeosciences: From Data Preparation to Scientific Discovery,https://studio.m-anage.com/agu/agu26/webprogrampreliminary/Session280765.html,['AI'],True
Informatics,279909,Accelerating Scientific Discovery in Earth System Science with Agentic AI,https://studio.m-anage.com/agu/agu26/webprogrampreliminary/Session279909.html,['AI'],True
Informatics,281397,"Advancing AI for Environmental Sustainability: Data, Methods, and Applications",https://studio.m-anage.com/agu/agu26/webprogrampreliminary/Session281397.html,"['AI', 'NASA']",True
Informatics,282615,Advancing Earth Science Data in Cloud Environments,https://studio.m-anage.com/agu/agu26/webprogrampreliminary/Session282615.html,['NASA'],True
Informatics,281787,Advancing Flood Science and Applications Using Earth Observations and Data-Driven Approaches,https://studio.m-anage.com/agu/agu26/webprogrampreliminary/Session281787.html,['NASA'],True
Informatics,283226,"Agentic Workflows in Science:  Safety, Innovations and Applications.",https://studio.m-anage.com/agu/agu26/webprogrampreliminary/Session283226.html,['Huntsville'],True
Informatics,281180,"Connections Foster Evolution:  In Science, and in Science Data Stewardship",https://studio.m-anage.com/agu/agu26/webprogrampreliminary/Session281180.html,"['Huntsville', 'NASA']",True
Informatics,283159,Data-Driven and AI-Enabled Decision-Support Systems for Climate Adaptation and Resilience,https://studio.m-anage.com/agu/agu26/webprogrampreliminary/Session283159.html,['AI'],True
Informatics,281716,"Digital Twins for Sagebrush Steppe Ecosystems: Integrating Data, AI, and Fire Ecology for Resilient Landscapes",https://studio.m-anage.com/agu/agu26/webprogrampreliminary/Session281716.html,['AI'],True
Informatics,280945,Earth Observation Foundation Models: From Representation Learning to Scientific Discovery and Applications,https://studio.m-anage.com/agu/agu26/webprogrampreliminary/Session280945.html,['NASA'],True
Informatics,282376,Earth Science AI/ML strategies,https://studio.m-anage.com/agu/agu26/webprogrampreliminary/Session282376.html,"['AI', 'Huntsville', 'NASA']",True
Informatics,282994,Emulation Frameworks for Physics-Based Models: A Cross-Domain Assessment of Methodologies,https://studio.m-anage.com/agu/agu26/webprogrampreliminary/Session282994.html,['NASA'],True
Informatics,282619,Enterprise Platforms and AI Integration within the Evolving Earth Science Data Ecosystem,https://studio.m-anage.com/agu/agu26/webprogrampreliminary/Session282619.html,"['AI', 'NASA']",True
Informatics,282426,Exploring the Intersection New Observing Technologies and Earth System Digital Twins for Enhanced Earth System Understanding and Decision Making,https://studio.m-anage.com/agu/agu26/webprogrampreliminary/Session282426.html,['NASA'],True
Informatics,282666,"Foundation Models for Earth and Beyond: Operational Pipelines, Optimizations, and Novel Applications",https://studio.m-anage.com/agu/agu26/webprogrampreliminary/Session282666.html,['Huntsville'],True
Informatics,279896,From Lights to Insights: Applications of Nighttime Light Observations Across Scales,https://studio.m-anage.com/agu/agu26/webprogrampreliminary/Session279896.html,['NASA'],True
Informatics,282790,"General Informatics Session: From Data to Discovery through Informatics, AI, and Innovation",https://studio.m-anage.com/agu/agu26/webprogrampreliminary/Session282790.html,"['AI', 'NASA']",True
Informatics,280542,"Generative AI in Hydrology and Interdisciplinary Environmental Research: Applications, Opportunities, and Challenges",https://studio.m-anage.com/agu/agu26/webprogrampreliminary/Session280542.html,['Generative AI'],True
Informatics,281715,Multimodal AI and Remote Sensing for a Profitable Climate-Smart and Resilient Agriculture,https://studio.m-anage.com/agu/agu26/webprogrampreliminary/Session281715.html,['AI'],True
Informatics,282130,Open Earth System Science Data and Artificial Intelligence (AI) / Machine Learning (ML) to Advance Scientific Discovery,https://studio.m-anage.com/agu/agu26/webprogrampreliminary/Session282130.html,['AI'],True
Informatics,282199,"Sensitivity and Uncertainty Characterization in Multi-Scale Modeling of Drought-to-Flood Transitions: Integrating 1D–2D Hydrodynamic, AI/ML, and Index-Based Modeling Frameworks",https://studio.m-anage.com/agu/agu26/webprogrampreliminary/Session282199.html,['AI'],True
Informatics,281149,Spatiotemporal Data Analytics and Emerging AI/ML for Earth System Science,https://studio.m-anage.com/agu/agu26/webprogrampreliminary/Session281149.html,['AI'],True
Informatics,282433,"Standards, Stewardship, and Solidarity: Building Flourishing Science Commons",https://studio.m-anage.com/agu/agu26/webprogrampreliminary/Session282433.html,['NASA'],True
Informatics,282718,The Earth Observation Metadata and Data Quality Drive,https://studio.m-anage.com/agu/agu26/webprogrampreliminary/Session282718.html,['NASA'],True
Natural Hazards,279838,"Advancing interdisciplinary research on pre-earthquake processes, earthquake forecasting, and nowcasting using models, observations, and AI-enhanced techniques.",https://studio.m-anage.com/agu/agu26/webprogrampreliminary/Session279838.html,['AI'],True
Natural Hazards,282138,Applications of Innovative Machine Learning Techniques in Natural Hazards Research,https://studio.m-anage.com/agu/agu26/webprogrampreliminary/Session282138.html,['NASA'],True
Natural Hazards,282046,Commercial Earth Observation Data: Leveraging Commercial Earth Observation Data for Rapid Disaster Response,https://studio.m-anage.com/agu/agu26/webprogrampreliminary/Session282046.html,['NASA'],True
Natural Hazards,282501,"Cooperative Strategies for Wildland Fire Science and Management: Integrating Earth Observation Science, Technologies and Operations to Enhance Community and Ecosystem Resilience",https://studio.m-anage.com/agu/agu26/webprogrampreliminary/Session282501.html,['NASA'],True
Natural Hazards,281906,"Extreme Atmospheric Rivers and Compound Hazard Risk: Advances in Modeling, Data Assimilation, and AI",https://studio.m-anage.com/agu/agu26/webprogrampreliminary/Session281906.html,['AI'],True
Natural Hazards,282782,From Detection to Decision: Environmental and Societal Impacts of Conflict and Disaster Across Scales and Systems,https://studio.m-anage.com/agu/agu26/webprogrampreliminary/Session282782.html,"['Huntsville', 'NASA']",True
Natural Hazards,280759,Machine Learning (ML)/Artificial Intelligence (AI) Advances in Subseasonal-to-Seasonal (S2S) Prediction of Natural Hazards,https://studio.m-anage.com/agu/agu26/webprogrampreliminary/Session280759.html,['AI'],True
Natural Hazards,282443,Navigating Complex Risk in the 21st Century,https://studio.m-anage.com/agu/agu26/webprogrampreliminary/Session282443.html,['NASA'],True
Natural Hazards,283055,"Planetary Defense in Action: Asteroid Hazards, Mitigation, and the International Response to 2024 YR4",https://studio.m-anage.com/agu/agu26/webprogrampreliminary/Session283055.html,['NASA'],True
Natural Hazards,281461,Practical AI for Wildfire Science,https://studio.m-anage.com/agu/agu26/webprogrampreliminary/Session281461.html,['AI'],True
Natural Hazards,280693,"Satellite Altimetry to Drive Risk Analysis, Resilience and Adaptation",https://studio.m-anage.com/agu/agu26/webprogrampreliminary/Session280693.html,['NASA'],True
Natural Hazards,282199,"Sensitivity and Uncertainty Characterization in Multi-Scale Modeling of Drought-to-Flood Transitions: Integrating 1D–2D Hydrodynamic, AI/ML, and Index-Based Modeling Frameworks",https://studio.m-anage.com/agu/agu26/webprogrampreliminary/Session282199.html,['AI'],True
Natural Hazards,282060,Toward Reliable and Scalable Geohazard Intelligence: From Multiscale Sensing to Open Data Foundations,https://studio.m-anage.com/agu/agu26/webprogrampreliminary/Session282060.html,['AI'],True
Natural Hazards,281946,Vegetation-Fuels Mapping with Remote Sensing,https://studio.m-anage.com/agu/agu26/webprogrampreliminary/Session281946.html,['NASA'],True
Near Surface Geophysics,281605,Multi-Sensor Earth Observation for Quantifying and Attributing Geophysical Hazard Dynamics and Water Stress,https://studio.m-anage.com/agu/agu26/webprogrampreliminary/Session281605.html,['NASA'],True
Near Surface Geophysics,282626,Open-Source and AI-Driven Tools in Near-Surface Geophysics,https://studio.m-anage.com/agu/agu26/webprogrampreliminary/Session282626.html,['AI'],True
Nonlinear Geophysics,282570,Foundational Mathematical Principles and Theoretical Frameworks for Earth System Complexity and Intelligence,https://studio.m-anage.com/agu/agu26/webprogrampreliminary/Session282570.html,['Foundational'],True
Nonlinear Geophysics,281102,Ten Years of Machine Learning in Heliophysics,https://studio.m-anage.com/agu/agu26/webprogrampreliminary/Session281102.html,['NASA'],True
Ocean Sciences,282524,AI and Machine Learning for Sustained Ocean Observing: Progress and the Road Ahead,https://studio.m-anage.com/agu/agu26/webprogrampreliminary/Session282524.html,['AI'],True
Ocean Sciences,280254,"Advances in AI, Inverse Problems, and Data Assimilation for Ocean Applications",https://studio.m-anage.com/agu/agu26/webprogrampreliminary/Session280254.html,['AI'],True
Ocean Sciences,281048,"Advances in AI-driven Ocean Modeling: Data, Methods, and Applications",https://studio.m-anage.com/agu/agu26/webprogrampreliminary/Session281048.html,['AI'],True
Ocean Sciences,280382,"Advances in oceanography, marine geophysics, and cryosphere science from the SWOT satellite mission",https://studio.m-anage.com/agu/agu26/webprogrampreliminary/Session280382.html,['NASA'],True
Ocean Sciences,279992,"Improved the understanding of tropical cyclones and winter storms and their impacts in the coastal zone through observing, modeling systems and AI/ML",https://studio.m-anage.com/agu/agu26/webprogrampreliminary/Session279992.html,['AI'],True
Ocean Sciences,282687,Linking Remote Sensing Observations and Numerical Models in Estuarine and Coastal Ocean Systems,https://studio.m-anage.com/agu/agu26/webprogrampreliminary/Session282687.html,['NASA'],True
Planetary Sciences,282369,Artemis II: Science from the First Crewed Voyage to the Moon in the 21 st Century,https://studio.m-anage.com/agu/agu26/webprogrampreliminary/Session282369.html,['NASA'],True
Planetary Sciences,282375,Data-Driven Astrobiology: New Insights and Foundations,https://studio.m-anage.com/agu/agu26/webprogrampreliminary/Session282375.html,['NASA'],True
Planetary Sciences,279690,Dynamic Exospheres of Terrestrial Bodies Throughout the Solar System and Beyond,https://studio.m-anage.com/agu/agu26/webprogrampreliminary/Session279690.html,['NASA'],True
Planetary Sciences,282993,Expectations and Limitations in the Search for Life: Toward a Coherent Framework for Life Detection,https://studio.m-anage.com/agu/agu26/webprogrampreliminary/Session282993.html,['NASA'],True
Planetary Sciences,282544,"Planetary Atmospheric, Surface, and Interior Science Using Spacecraft Radio Links",https://studio.m-anage.com/agu/agu26/webprogrampreliminary/Session282544.html,['NASA'],True
Planetary Sciences,280751,Processes in the present-day Atmosphere of Mars,https://studio.m-anage.com/agu/agu26/webprogrampreliminary/Session280751.html,['NASA'],True
Planetary Sciences,282118,"Small Solar System Bodies: Sample Returns, JWST, Ground-Based Astronomy, and More",https://studio.m-anage.com/agu/agu26/webprogrampreliminary/Session282118.html,['NASA'],True
Planetary Sciences,281371,"Stars to Exoplanets, Sun to Earth: Bridging Disciplines in Search of Habitability",https://studio.m-anage.com/agu/agu26/webprogrampreliminary/Session281371.html,['NASA'],True
Planetary Sciences,281761,The New Mars Underground IX: Maximizing Martian Subsurface Science Return,https://studio.m-anage.com/agu/agu26/webprogrampreliminary/Session281761.html,['NASA'],True
Planetary Sciences,280624,The Ice Giants: Exploring the Planetary Systems of Uranus and Neptune,https://studio.m-anage.com/agu/agu26/webprogrampreliminary/Session280624.html,['NASA'],True
Planetary Sciences,279680,To the Moon - A New Era of Science,https://studio.m-anage.com/agu/agu26/webprogrampreliminary/Session279680.html,['NASA'],True
Science and Society,282788,Accelerating Impact: User‑Driven Earth Observation Solutions from the Satellite Needs Working Group,https://studio.m-anage.com/agu/agu26/webprogrampreliminary/Session282788.html,"['Huntsville', 'NASA']",True
Science and Society,282575,Advancing and Scaling Impact with NASA Earth Observations and Modeling,https://studio.m-anage.com/agu/agu26/webprogrampreliminary/Session282575.html,['NASA'],True
Science and Society,283019,Benchmarking for Machine Learning Development and Enhancement of Earth System Models,https://studio.m-anage.com/agu/agu26/webprogrampreliminary/Session283019.html,['NASA'],True
Science and Society,283152,Community-Centered Data Systems & AI Tools for Environmental Stewardship,https://studio.m-anage.com/agu/agu26/webprogrampreliminary/Session283152.html,['AI'],True
Science and Society,280739,Enhancing Risk Analyses for Resilience: New NASA RASI Products and Stakeholder Engagement,https://studio.m-anage.com/agu/agu26/webprogrampreliminary/Session280739.html,['NASA'],True
Science and Society,280542,"Generative AI in Hydrology and Interdisciplinary Environmental Research: Applications, Opportunities, and Challenges",https://studio.m-anage.com/agu/agu26/webprogrampreliminary/Session280542.html,['Generative AI'],True
Science and Society,282389,Making Satellite Data Experiential to Better Support Environmental Decision-Making,https://studio.m-anage.com/agu/agu26/webprogrampreliminary/Session282389.html,['NASA'],True
Science and Society,282499,"Public Participation Required: Showcasing Scientific Results Achieved Through Participatory Methods, e.g., Methods that Rely on Contributions to Research Efforts by Members of the Public.",https://studio.m-anage.com/agu/agu26/webprogrampreliminary/Session282499.html,['NASA'],True
Science and Society,281600,Queer Perspectives in Earth and Planetary Sciences,https://studio.m-anage.com/agu/agu26/webprogrampreliminary/Session281600.html,['NASA'],True
Science and Society,282748,Science and Society: Art and Science – Activating Science through Artistic Collaborations,https://studio.m-anage.com/agu/agu26/webprogrampreliminary/Session282748.html,['NASA'],True
Science and Society,282199,"Sensitivity and Uncertainty Characterization in Multi-Scale Modeling of Drought-to-Flood Transitions: Integrating 1D–2D Hydrodynamic, AI/ML, and Index-Based Modeling Frameworks",https://studio.m-anage.com/agu/agu26/webprogrampreliminary/Session282199.html,['AI'],True
Science and Society,281763,Working Together to Calibrate and Communicate Search for Life Results,https://studio.m-anage.com/agu/agu26/webprogrampreliminary/Session281763.html,['NASA'],True
Seismology,282905,Illuminating Complex Earthquake Rupture Processes with Geodesy from the Surface to Depth,https://studio.m-anage.com/agu/agu26/webprogrampreliminary/Session282905.html,['NASA'],True
Seismology,281562,Next-Generation Seismology: Leveraging Edge Computing and AI for Real-Time Observation,https://studio.m-anage.com/agu/agu26/webprogrampreliminary/Session281562.html,['AI'],True
SPA-Aeronomy,281257,Debris and Meteoroids in the Space Environment,https://studio.m-anage.com/agu/agu26/webprogrampreliminary/Session281257.html,['NASA'],True
SPA-Aeronomy,281425,Enabling Advances in Space Science through Citizen Science Investigations,https://studio.m-anage.com/agu/agu26/webprogrampreliminary/Session281425.html,['NASA'],True
SPA-Aeronomy,279589,When Can We Trust Space Weather Models? Validation and Capability Assessment Across the Sun-to-Mud System,https://studio.m-anage.com/agu/agu26/webprogrampreliminary/Session279589.html,['NASA'],True
SPA-Magnetospheric Physics,281972,Advancing Heliophysics and Space Weather Modeling Through Open Science,https://studio.m-anage.com/agu/agu26/webprogrampreliminary/Session281972.html,['NASA'],True
SPA-Magnetospheric Physics,281203,Artificial Intelligence (AI) Approaches for scientific discovery in Solar Wind-Earth Interactions,https://studio.m-anage.com/agu/agu26/webprogrampreliminary/Session281203.html,"['AI', 'NASA']",True
SPA-Magnetospheric Physics,282258,From Solar Wind Forcing to Satellite Drag: Bridging Space Weather Across Domains,https://studio.m-anage.com/agu/agu26/webprogrampreliminary/Session282258.html,['NASA'],True
SPA-Magnetospheric Physics,281314,Global and MicroScale Consequences of Mesoscale Magnetotail Dynamics,https://studio.m-anage.com/agu/agu26/webprogrampreliminary/Session281314.html,['NASA'],True
SPA-Magnetospheric Physics,281386,High-Latitude Ionospheric Electrodynamics at Mesoscales,https://studio.m-anage.com/agu/agu26/webprogrampreliminary/Session281386.html,['NASA'],True
SPA-Magnetospheric Physics,280020,Magnetospheres in the Outer Solar System,https://studio.m-anage.com/agu/agu26/webprogrampreliminary/Session280020.html,['NASA'],True
SPA-Magnetospheric Physics,280391,"Multiscale Dynamics and Evolution of Reconnection, Cusp Processes, and Magnetosphere-Ionosphere Coupling",https://studio.m-anage.com/agu/agu26/webprogrampreliminary/Session280391.html,['NASA'],True
SPA-Magnetospheric Physics,282013,The Low-Energy/Cold Particle Populations and the Systems Science of Geospace,https://studio.m-anage.com/agu/agu26/webprogrampreliminary/Session282013.html,['NASA'],True
SPA-Magnetospheric Physics,282350,The Solar Wind-Magnetosphere-Ionosphere Coupling: Multi-scale Interactions and Space Weather Impacts,https://studio.m-anage.com/agu/agu26/webprogrampreliminary/Session282350.html,['NASA'],True
SPA-Solar and Heliospheric Physics,280155,"Across the Heliosphere: Using In-situ Observations and Modeling as Tools for Probing the Heliospheric Boundaries, Heliosheath, and VLISM",https://studio.m-anage.com/agu/agu26/webprogrampreliminary/Session280155.html,['Huntsville'],True
SPA-Solar and Heliospheric Physics,281094,"Advances in Forecasting Solar Magnetic Activity: Data, Physics, and ML/AI Driven Approaches",https://studio.m-anage.com/agu/agu26/webprogrampreliminary/Session281094.html,"['AI', 'NASA']",True
SPA-Solar and Heliospheric Physics,282983,"Advances in Solar Wind Modeling Across Physics-Based, Data-Driven, and Machine Learning Approaches",https://studio.m-anage.com/agu/agu26/webprogrampreliminary/Session282983.html,['Huntsville'],True
SPA-Solar and Heliospheric Physics,280173,Advancing Chromospheric Diagnostics: From Spectropolarimetric Observations to Physics-Based Modeling,https://studio.m-anage.com/agu/agu26/webprogrampreliminary/Session280173.html,['Huntsville'],True
SPA-Solar and Heliospheric Physics,280821,"Connecting the Sun, Heliosphere, and Local Interstellar Medium, Including First-Year Results from NASA’s IMAP Mission",https://studio.m-anage.com/agu/agu26/webprogrampreliminary/Session280821.html,['NASA'],True
SPA-Solar and Heliospheric Physics,281294,"Cross-Scale Coupling of Structures, Waves, Energy Conversion, and Particle Energization in Solar Wind Turbulence",https://studio.m-anage.com/agu/agu26/webprogrampreliminary/Session281294.html,['Huntsville'],True
SPA-Solar and Heliospheric Physics,282270,Dynamics of Shock Waves in the Heliosphere: Synergies of Multi-Spacecraft Observations and Simulations,https://studio.m-anage.com/agu/agu26/webprogrampreliminary/Session282270.html,['Huntsville'],True
SPA-Solar and Heliospheric Physics,282335,"Forecasting Solar Energetic Particle (SEP) Events: Gaps, Challenges, and the Need for Mitigation",https://studio.m-anage.com/agu/agu26/webprogrampreliminary/Session282335.html,['NASA'],True
SPA-Solar and Heliospheric Physics,282247,Forecasting Solar Transients Beyond Earth: From Solar Drivers To Operational Space Weather Across The Heliosphere,https://studio.m-anage.com/agu/agu26/webprogrampreliminary/Session282247.html,['NASA'],True
SPA-Solar and Heliospheric Physics,281586,Global Views on the Young Solar Wind and Explosive Structures with Polarized Imaging,https://studio.m-anage.com/agu/agu26/webprogrampreliminary/Session281586.html,['NASA'],True
SPA-Solar and Heliospheric Physics,281893,Heliophysics Science with Extended Missions,https://studio.m-anage.com/agu/agu26/webprogrampreliminary/Session281893.html,['NASA'],True
SPA-Solar and Heliospheric Physics,281623,"High-Energy Solar Investigations Through Next-Generation Remote Sensing: Spectroscopy, Imaging, and Beyond",https://studio.m-anage.com/agu/agu26/webprogrampreliminary/Session281623.html,['Huntsville'],True
SPA-Solar and Heliospheric Physics,281618,Mesoscale Magnetic Flux Tubes and Structures in the Solar Atmosphere: Origins and Effects,https://studio.m-anage.com/agu/agu26/webprogrampreliminary/Session281618.html,['Huntsville'],True
SPA-Solar and Heliospheric Physics,282762,Parker Solar Probe at Solar Maximum: Connectivity and Evolution of the Innermost Heliosphere,https://studio.m-anage.com/agu/agu26/webprogrampreliminary/Session282762.html,['NASA'],True
SPA-Solar and Heliospheric Physics,280776,STEREO at 20: From Multi-viewpoint Measurements to Continuous Heliospheric Imaging,https://studio.m-anage.com/agu/agu26/webprogrampreliminary/Session280776.html,['NASA'],True
SPA-Solar and Heliospheric Physics,282904,Shock Structure and Plasma Waves in Collisionless and Weakly Collisional Plasmas,https://studio.m-anage.com/agu/agu26/webprogrampreliminary/Session282904.html,['Huntsville'],True
SPA-Solar and Heliospheric Physics,281701,"Solar Connectivity: Linking Interior Dynamics to Magnetic Variability and Heliospheric Evolution for Solar Cycles in the Past, Present, and Future",https://studio.m-anage.com/agu/agu26/webprogrampreliminary/Session281701.html,['NASA'],True
SPA-Solar and Heliospheric Physics,281326,Solar Orbiter: Discoveries to Date and the Journey to High(er) Solar Latitudes,https://studio.m-anage.com/agu/agu26/webprogrampreliminary/Session281326.html,['NASA'],True
SPA-Solar and Heliospheric Physics,282421,"Space Physics at Interfaces across the Inner Heliosphere: the Sonic, Alfvén, and Plasma-Beta Unity Surfaces, and the Terrestrial Magnetosheath",https://studio.m-anage.com/agu/agu26/webprogrampreliminary/Session282421.html,['NASA'],True
SPA-Solar and Heliospheric Physics,282818,"Space Weather: What can Researchers Learn from Users/Forecasters, and Vice Versa...",https://studio.m-anage.com/agu/agu26/webprogrampreliminary/Session282818.html,['NASA'],True
SPA-Solar and Heliospheric Physics,281721,The NASA DRIVE Science Centers: Advancing Heliophysics through Large-Scale Collaboration,https://studio.m-anage.com/agu/agu26/webprogrampreliminary/Session281721.html,['NASA'],True
SPA-Solar and Heliospheric Physics,280984,"Understanding Space Weather for Human and Robotic Exploration to the Moon, Mars, and Beyond",https://studio.m-anage.com/agu/agu26/webprogrampreliminary/Session280984.html,['NASA'],True
SPA-Solar and Heliospheric Physics,280989,Waves that Heat the Sun: MHD and Kinetic Scale Drivers of Coronal Heating,https://studio.m-anage.com/agu/agu26/webprogrampreliminary/Session280989.html,['Huntsville'],True
Tectonophysics,282209,"Tools for the Tool-Builders: LLM-Assisted Software, Algorithms, and AI/ML in the Geodynamic Modelling Community",https://studio.m-anage.com/agu/agu26/webprogrampreliminary/Session282209.html,['AI'],True
Union Sessions,281490,"AI Risk × Earth-System Stress: Coupled Vulnerabilities Across Hazard, Institutional, and Governance Timescales",https://studio.m-anage.com/agu/agu26/webprogrampreliminary/Session281490.html,['AI'],True
Union Sessions,279739,AI and Machine Learning for Infrastructure Risks in Permafrost and Arctic Coastal Environments,https://studio.m-anage.com/agu/agu26/webprogrampreliminary/Session279739.html,['AI'],True
Union Sessions,280552,Agentic AI in Earth Science: From Productivity Gains to Paradigm Shifts in How We Conduct Research,https://studio.m-anage.com/agu/agu26/webprogrampreliminary/Session280552.html,['AI'],True
Union Sessions,283181,"COSPAR PEX Exploration Roadmap: An Interdisciplinary, collaborative Road Map for science, environmental stewardship, and international collaboration in Space Exploration.",https://studio.m-anage.com/agu/agu26/webprogrampreliminary/Session283181.html,['NASA'],True
Union Sessions,281947,Connecting Earth Observation Solutions to User Needs,https://studio.m-anage.com/agu/agu26/webprogrampreliminary/Session281947.html,['NASA'],True
Union Sessions,280185,Earth and Space Science in the Era of NASA’s Artemis: A Lunar Surface Based Observatory Concept,https://studio.m-anage.com/agu/agu26/webprogrampreliminary/Session280185.html,['NASA'],True
Union Sessions,281438,From AI to climate modeling to economic impacts: connecting the dots,https://studio.m-anage.com/agu/agu26/webprogrampreliminary/Session281438.html,['AI'],True
Union Sessions,283090,NISAR One Year After the Start of its Science Phase: Delivering Global Data for the Earth Science Research and Applications Community,https://studio.m-anage.com/agu/agu26/webprogrampreliminary/Session283090.html,['NASA'],True
Union Sessions,280799,"Prediction, Prevention, and Participation: Linking Water, Climate, and Human Health through Geophysical Processes and Policy",https://studio.m-anage.com/agu/agu26/webprogrampreliminary/Session280799.html,['NASA'],True
Union Sessions,281273,Synergistic developments at the Geoscience-AI frontier,https://studio.m-anage.com/agu/agu26/webprogrampreliminary/Session281273.html,['AI'],True
Union Sessions,280579,Translating Flight Mission Experience into Action: Navigating the Engineering Realities of Space Flight Science Missions,https://studio.m-anage.com/agu/agu26/webprogrampreliminary/Session280579.html,['NASA'],True
